Id,Position,First Name,Nickname,Last Name,FPPG,Played,Salary,Game,Team,Opponent,Injury Indicator,Injury Details,Tier,Probable Pitcher,Batting Order,Roster Position
58417-52859,P,Jacob,Jacob deGrom,deGrom,61.6,5,12500,NYM@STL,NYM,STL,DTD,Lat,,,0,P
58417-16956,P,Gerrit,Gerrit Cole,Cole,54.166666666666664,6,12300,HOU@NYY,NYY,HOU,,,,Yes,,P
58417-82554,P,Shane,Shane Bieber,Bieber,53.42857142857143,7,12200,CLE@KC,CLE,KC,,,,,,P
58417-5481,P,Max,Max Scherzer,Scherzer,42.166666666666664,6,12000,ATL@WSH,WSH,ATL,,,,,,P
58417-82604,P,Corbin,Corbin Burnes,Burnes,49.6,5,11100,MIL@PHI,MIL,PHI,IL,Undisclosed,,,0,P
58417-13268,P,Danny,Danny Duffy,Duffy,45.2,5,10700,CLE@KC,KC,CLE,,,,Yes,,P
58417-10978,P,Stephen,Stephen Strasburg,Strasburg,23,2,10200,ATL@WSH,WSH,ATL,IL,Shoulder,,,,P
58417-80582,P,Brandon,Brandon Woodruff,Woodruff,39.333333333333336,6,10100,MIL@PHI,MIL,PHI,,,,Yes,,P
58417-5202,P,Justin,Justin Verlander,Verlander,43,1,10000,HOU@NYY,HOU,NYY,IL,Elbow,,,0,P
58417-79246,P,Jack,Jack Flaherty,Flaherty,36.333333333333336,6,10000,NYM@STL,STL,NYM,,,,,,P
58417-52172,P,Noah,Noah Syndergaard,Syndergaard,,,10000,NYM@STL,NYM,STL,IL,Elbow,,,0,P
58417-12477,P,Chris,Chris Sale,Sale,,,9500,DET@BOS,BOS,DET,IL,Elbow,,,,P
58417-82557,P,Aaron,Aaron Civale,Civale,32.666666666666664,6,9500,CLE@KC,CLE,KC,,,,,,P
58417-52142,P,Eduardo,Eduardo Rodriguez,Rodriguez,34,5,9500,DET@BOS,BOS,DET,,,,,,P
58417-37014,P,Hyun Jin,Hyun Jin Ryu,Ryu,30.2,5,9400,TOR@OAK,TOR,OAK,IL,Hip,,Yes,,P
58417-102335,P,Cristian,Cristian Javier,Javier,34.8,5,9400,HOU@NYY,HOU,NYY,,,,,0,P
58417-52174,P,Steven,Steven Matz,Matz,30,6,9300,TOR@OAK,TOR,OAK,,,,,,P
58417-60647,P,Aaron,Aaron Nola,Nola,38.57142857142857,7,9200,MIL@PHI,PHI,MIL,,,,,0,P
58417-16960,P,Zack,Zack Wheeler,Wheeler,36.333333333333336,6,9100,MIL@PHI,PHI,MIL,,,,Yes,,P
58417-6266,P,Carlos,Carlos Carrasco,Carrasco,36.5,12,9000,NYM@STL,NYM,STL,IL,Hamstring,,,0,P
58417-60644,P,Luis,Luis Severino,Severino,,,9000,HOU@NYY,NYY,HOU,IL,Elbow,,,0,P
58417-83190,P,Freddy,Freddy Peralta,Peralta,35,7,9000,MIL@PHI,MIL,PHI,,,,,0,P
58417-85599,P,Framber,Framber Valdez,Valdez,37.27272727272727,11,9000,HOU@NYY,HOU,NYY,IL,Finger,,,0,P
58417-82540,P,Tanner,Tanner Houck,Houck,17.333333333333332,3,9000,DET@BOS,BOS,DET,,,,,,P
58417-60639,P,Jose,Jose Berrios,Berrios,34.5,6,8800,TEX@MIN,MIN,TEX,,,,,0,P
58417-79078,P,Ian,Ian Anderson,Anderson,31.833333333333332,6,8800,ATL@WSH,ATL,WSH,,,,,,P
58417-79280,P,Jesus,Jesus Luzardo,Luzardo,21.666666666666668,6,8700,TOR@OAK,OAK,TOR,IL,Finger,,,,P
58417-12864,P,Michael,Michael Pineda,Pineda,32.4,5,8700,TEX@MIN,MIN,TEX,,,,Yes,,P
58417-12936,P,Kyle,Kyle Gibson,Gibson,34,7,8600,TEX@MIN,TEX,MIN,,,,,0,P
58417-53067,P,Chris,Chris Bassitt,Bassitt,32.857142857142854,7,8600,TOR@OAK,OAK,TOR,,,,,,P
58417-13233,P,Nathan,Nathan Eovaldi,Eovaldi,31.666666666666668,6,8600,DET@BOS,BOS,DET,,,,Yes,,P
58417-39041,P,Marcus,Marcus Stroman,Stroman,32.5,6,8400,NYM@STL,NYM,STL,,,,,0,P
58417-5522,P,Zack,Zack Greinke,Greinke,27.428571428571427,7,8400,HOU@NYY,HOU,NYY,,,,,0,P
58417-63136,P,Matthew,Matthew Boyd,Boyd,30,6,8400,DET@BOS,DET,BOS,DTD,Knee,,,0,P
58417-52159,P,Lance,Lance McCullers Jr.,McCullers Jr.,32,5,8400,HOU@NYY,HOU,NYY,,,,Yes,,P
58417-79951,P,Nick,Nick Pivetta,Pivetta,31,6,8300,DET@BOS,BOS,DET,,,,,,P
58417-52165,P,Sean,Sean Manaea,Manaea,31.833333333333332,6,8300,TOR@OAK,OAK,TOR,,,,,,P
58417-13664,P,Patrick,Patrick Corbin,Corbin,15,5,8100,ATL@WSH,WSH,ATL,,,,,,P
58417-68482,P,Zach,Zach Eflin,Eflin,32.5,6,8100,MIL@PHI,PHI,MIL,,,,,0,P
58417-79073,P,Mike,Mike Soroka,Soroka,17,3,8000,ATL@WSH,ATL,WSH,IL,Shoulder,,,,P
58417-101804,P,Huascar,Huascar Ynoa,Ynoa,31.428571428571427,7,8000,ATL@WSH,ATL,WSH,,,,,,P
58417-53029,P,Robbie,Robbie Ray,Ray,32.2,5,8000,TOR@OAK,TOR,OAK,,,,,,P
58417-5466,P,Charlie,Charlie Morton,Morton,30.166666666666668,6,7900,ATL@WSH,ATL,WSH,,,,,,P
58417-5767,P,J.A.,J.A. Happ,Happ,27,5,7900,TEX@MIN,MIN,TEX,,,,,0,P
58417-102523,P,Deivi,Deivi Garcia,Garcia,18,1,7800,HOU@NYY,NYY,HOU,,,,,0,P
58417-79147,P,Jakob,Jakob Junis,Junis,16.25,8,7800,CLE@KC,KC,CLE,,,,,0,P
58417-53608,P,Jose,Jose Urena,Urena,28.5,6,7800,DET@BOS,DET,BOS,,,,,0,P
58417-68518,P,Spencer,Spencer Turnbull,Turnbull,23.333333333333332,3,7800,DET@BOS,DET,BOS,,,,Yes,,P
58417-52185,P,Max,Max Fried,Fried,17.25,4,7800,ATL@WSH,ATL,WSH,,,,,,P
58417-85269,P,Cole,Cole Irvin,Irvin,33.5,6,7700,TOR@OAK,OAK,TOR,,,,,,P
58417-71034,P,Seth,Seth Lugo,Lugo,13.125,16,7700,NYM@STL,NYM,STL,IL,Elbow,,,0,P
58417-38272,P,Mike,Mike Foltynewicz,Foltynewicz,27.166666666666668,6,7600,TEX@MIN,TEX,MIN,,,,,0,P
58417-63781,P,Frankie,Frankie Montas,Montas,25.5,6,7500,TOR@OAK,OAK,TOR,,,,,,P
58417-79254,P,Dakota,Dakota Hudson,Hudson,25.5,8,7500,NYM@STL,STL,NYM,IL,Elbow,,,,P
58417-82535,P,Kyle,Kyle Wright,Wright,22,1,7500,ATL@WSH,ATL,WSH,,,,,,P
58417-21097,P,Taijuan,Taijuan Walker,Walker,24.833333333333332,6,7500,NYM@STL,NYM,STL,,,,Yes,,P
58417-110822,P,Jose,Jose Urquidy,Urquidy,26.833333333333332,6,7400,HOU@NYY,HOU,NYY,,,,,0,P
58417-79103,P,Dane,Dane Dunning,Dunning,24.333333333333332,6,7400,TEX@MIN,TEX,MIN,,,,,0,P
58417-102344,P,Brady,Brady Singer,Singer,25.833333333333332,6,7400,CLE@KC,KC,CLE,,,,,0,P
58417-68654,P,John,John Gant,Gant,26.6,5,7300,NYM@STL,STL,NYM,,,,Yes,,P
58417-13627,P,Corey,Corey Kluber,Kluber,27.666666666666668,6,7300,HOU@NYY,NYY,HOU,,,,,0,P
58417-5431,P,Adam,Adam Wainwright,Wainwright,29,6,7200,NYM@STL,STL,NYM,,,,,,P
58417-65987,P,Domingo,Domingo German,German,26.8,5,7200,HOU@NYY,NYY,HOU,,,,,0,P
58417-13019,P,Garrett,Garrett Richards,Richards,23.5,6,7200,DET@BOS,BOS,DET,,,,,,P
58417-68564,P,Erick,Erick Fedde,Fedde,22.333333333333332,6,7200,ATL@WSH,WSH,ATL,,,,,,P
58417-5369,P,Jon,Jon Lester,Lester,18,1,7100,ATL@WSH,WSH,ATL,,,,Yes,,P
58417-82618,P,David,David Peterson,Peterson,27,5,7100,NYM@STL,NYM,STL,,,,,0,P
58417-104584,P,Zach,Zach Plesac,Plesac,23.5,6,7000,CLE@KC,CLE,KC,,,,,,P
58417-16961,P,Jameson,Jameson Taillon,Taillon,24.2,5,7000,HOU@NYY,NYY,HOU,,,,,0,P
58417-52873,P,Joe,Joe Ross,Ross,24.8,5,7000,ATL@WSH,WSH,ATL,,,,,,P
58417-12481,P,Mike,Mike Minor,Minor,23.5,6,6900,CLE@KC,KC,CLE,,,,,0,P
58417-79118,P,Triston,Triston McKenzie,McKenzie,20.8,5,6900,CLE@KC,CLE,KC,,,,Yes,,P
58417-5416,P,Brett,Brett Anderson,Anderson,17,4,6900,MIL@PHI,MIL,PHI,IL,Hamstring,,,0,P
58417-17121,P,Miles,Miles Mikolas,Mikolas,,,6900,NYM@STL,STL,NYM,IL,Shoulder,,,,P
58417-68452,P,Kenta,Kenta Maeda,Maeda,23,6,6900,TEX@MIN,MIN,TEX,,,,,0,P
58417-135212,P,Luis,Luis Garcia,Garcia,21.833333333333332,6,6800,HOU@NYY,HOU,NYY,,,,,0,P
58417-79226,P,Eric,Eric Lauer,Lauer,33.5,2,6800,MIL@PHI,MIL,PHI,,,,,0,P
58417-12918,P,Julio,Julio Teheran,Teheran,27,1,6800,DET@BOS,DET,BOS,IL,Shoulder,,,0,P
58417-146130,P,Kohei,Kohei Arihara,Arihara,13.5,6,6800,TEX@MIN,TEX,MIN,DTD,Finger,,,0,P
58417-39686,P,Carlos,Carlos Martinez,Martinez,24.666666666666668,6,6800,NYM@STL,STL,NYM,,,,,,P
58417-11328,P,Martin,Martin Perez,Perez,21.333333333333332,6,6700,DET@BOS,BOS,DET,,,,,,P
58417-60627,P,Touki,Touki Toussaint,Toussaint,13.571428571428571,7,6600,ATL@WSH,ATL,WSH,IL,Shoulder,,,,P
58417-85253,P,Casey,Casey Mize,Mize,22.833333333333332,6,6600,DET@BOS,DET,BOS,,,,,0,P
58417-13727,P,Josh,Josh Lindblom,Lindblom,4,5,6600,MIL@PHI,MIL,PHI,IL,Knee,,,0,P
58417-119426,P,Johan,Johan Oviedo,Oviedo,19.666666666666668,3,6500,NYM@STL,STL,NYM,,,,,,P
58417-118411,P,Kwang Hyun,Kwang Hyun Kim,Kim,23.75,4,6500,NYM@STL,STL,NYM,,,,,,P
58417-13444,P,Mike,Mike Fiers,Fiers,22,1,6400,TOR@OAK,OAK,TOR,,,,Yes,,P
58417-66766,P,Adrian,Adrian Houser,Houser,22.5,6,6400,MIL@PHI,MIL,PHI,,,,,0,P
58417-38161,P,Chase,Chase Anderson,Anderson,16.5,6,6400,MIL@PHI,PHI,MIL,,,,,0,P
58417-12934,P,Tyler,Tyler Chatwood,Chatwood,7.444444444444445,9,6400,TOR@OAK,TOR,OAK,,,,,,P
58417-79853,P,Jordan,Jordan Montgomery,Montgomery,24.666666666666668,6,6300,HOU@NYY,NYY,HOU,,,,,0,P
58417-114708,P,Randy,Randy Dobnak,Dobnak,5.285714285714286,7,6200,TEX@MIN,MIN,TEX,,,,,0,P
58417-84476,P,Daniel,Daniel Ponce de Leon,Ponce de Leon,3.8,5,6200,NYM@STL,STL,NYM,IL,Shoulder,,,,P
58417-5764,P,Derek,Derek Holland,Holland,1.875,8,6200,DET@BOS,DET,BOS,,,,,0,P
58417-17164,P,Matt,Matt Shoemaker,Shoemaker,12.2,5,6200,TEX@MIN,MIN,TEX,,,,,0,P
58417-38101,P,Tanner,Tanner Roark,Roark,7,3,6100,TOR@OAK,TOR,OAK,,,,,,P
58417-79209,P,A.J.,A.J. Puk,Puk,22,1,6100,TOR@OAK,OAK,TOR,IL,Biceps,,,,P
58417-38311,P,Ross,Ross Stripling,Stripling,17.666666666666668,3,6100,TOR@OAK,TOR,OAK,,,,,,P
58417-79276,P,T.J.,T.J. Zeuch,Zeuch,6.75,4,6100,TOR@OAK,TOR,OAK,,,,,,P
58417-12946,P,Matt,Matt Moore,Moore,9.75,4,6100,MIL@PHI,PHI,MIL,,,,,0,P
58417-82636,P,Joey,Joey Lucchesi,Lucchesi,8,4,6100,NYM@STL,NYM,STL,,,,,0,P
58417-15221,P,Tommy,Tommy Milone,Milone,11.5,6,6100,TOR@OAK,TOR,OAK,IL,Shoulder,,,,P
58417-102484,P,Brandon,Brandon Bielak,Bielak,10.833333333333334,6,6000,HOU@NYY,HOU,NYY,,,,,0,P
58417-102530,P,Spencer,Spencer Howard,Howard,8.333333333333334,3,6000,MIL@PHI,PHI,MIL,,,,,0,P
58417-83163,P,Jonathan,Jonathan Loaisiga,Loaisiga,8.642857142857142,14,6000,HOU@NYY,NYY,HOU,,,,,0,P
58417-79072,P,Brad,Brad Keller,Keller,11.833333333333334,6,6000,CLE@KC,KC,CLE,,,,,0,P
58417-104672,P,Devin,Devin Smeltzer,Smeltzer,23,1,6000,TEX@MIN,MIN,TEX,,,,,0,P
58417-79076,P,Kolby,Kolby Allard,Allard,12.166666666666666,6,6000,TEX@MIN,TEX,MIN,,,,,0,P
58417-79201,P,Anthony,Anthony Kay,Kay,9.5,2,6000,TOR@OAK,TOR,OAK,,,,,,P
58417-79228,P,Cal,Cal Quantrill,Quantrill,6,10,6000,CLE@KC,CLE,KC,,,,,,P
58417-62872,P,Vince,Vince Velasquez,Velasquez,17.833333333333332,6,6000,MIL@PHI,PHI,MIL,,,,,0,P
58417-85531,P,Josh,Josh James,James,6.076923076923077,13,6000,HOU@NYY,HOU,NYY,IL,Hip,,,0,P
58417-119340,P,Tarik,Tarik Skubal,Skubal,12.5,6,6000,DET@BOS,DET,BOS,,,,,0,P
58417-82534,P,Bryse,Bryse Wilson,Wilson,11,3,6000,ATL@WSH,ATL,WSH,,,,,,P
58417-17087,P,Drew,Drew Smyly,Smyly,16,4,6000,ATL@WSH,ATL,WSH,,,,Yes,,P
58417-82634,P,Logan,Logan Allen,Allen,7.6,5,6000,CLE@KC,CLE,KC,,,,,,P
58417-147155,P,Hyeon-Jong,Hyeon-Jong Yang,Yang,22,3,6000,TEX@MIN,TEX,MIN,,,,,0,P
58417-17116,P,Jake,Jake Odorizzi,Odorizzi,10,3,6000,HOU@NYY,HOU,NYY,IL,Forearm,,,0,P
58417-82656,P,Nate,Nate Pearson,Pearson,14.4,5,6000,TOR@OAK,TOR,OAK,,,,,,P
58417-68490,P,Austin,Austin Voth,Voth,8.125,8,6000,ATL@WSH,WSH,ATL,,,,,,P
58417-102333,P,Daniel,Daniel Lynch,Lynch,14,1,6000,CLE@KC,KC,CLE,,,,,0,P
58417-60637,P,Sean,Sean Newcomb,Newcomb,7,7,5900,ATL@WSH,ATL,WSH,,,,,,P
58417-79123,P,Tyler,Tyler Alexander,Alexander,8.125,8,5800,DET@BOS,DET,BOS,,,,,0,P
58417-12929,P,Jordan,Jordan Lyles,Lyles,15.666666666666666,6,5800,TEX@MIN,TEX,MIN,,,,Yes,,P
58417-68520,P,Michael,Michael Fulmer,Fulmer,11.444444444444445,9,5800,DET@BOS,DET,BOS,,,,,0,P
58417-135226,P,Wes,Wes Benjamin,Benjamin,7.666666666666667,3,5700,TEX@MIN,TEX,MIN,,,,,0,P
58417-102489,P,Carlos,Carlos Hernandez,Hernandez,6.333333333333333,3,5700,CLE@KC,KC,CLE,,,,,0,P
58417-12455,P,Josh,Josh Tomlin,Tomlin,5.181818181818182,11,5700,ATL@WSH,ATL,WSH,,,,,,P
58417-21919,P,Matt,Matt Andriese,Andriese,6.363636363636363,11,5700,DET@BOS,BOS,DET,,,,,,P
58417-52887,P,Tyler,Tyler Matzek,Matzek,6.214285714285714,14,5700,ATL@WSH,ATL,WSH,,,,,,P
58417-82650,P,Kyle,Kyle Cody,Cody,6.571428571428571,7,5700,TEX@MIN,TEX,MIN,IL,Shoulder,,,0,P
58417-82653,P,Ryan,Ryan Borucki,Borucki,6.583333333333333,12,5700,TOR@OAK,TOR,OAK,,,,,,P
58417-68542,P,Robert,Robert Gsellman,Gsellman,5.333333333333333,6,5700,NYM@STL,NYM,STL,,,,,0,P
58417-79882,P,Austin,Austin Pruitt,Pruitt,,,5600,HOU@NYY,HOU,NYY,IL,Elbow,,,0,P
58417-71742,P,Grant,Grant Dayton,Dayton,3.5714285714285716,7,5600,ATL@WSH,ATL,WSH,,,,,,P
58417-38002,P,Kyle,Kyle Zimmer,Zimmer,6.636363636363637,11,5600,CLE@KC,KC,CLE,IL,Back,,,0,P
58417-83165,P,Lewis,Lewis Thorpe,Thorpe,10,3,5600,TEX@MIN,MIN,TEX,,,,,0,P
58417-101855,P,Trent,Trent Thornton,Thornton,8.88888888888889,9,5600,TOR@OAK,TOR,OAK,,,,,,P
58417-73301,P,Brent,Brent Suter,Suter,7.666666666666667,12,5600,MIL@PHI,MIL,PHI,,,,,0,P
58417-53043,P,Jesse,Jesse Hahn,Hahn,0.8,5,5600,CLE@KC,KC,CLE,IL,Shoulder,,,0,P
58417-6018,P,Wade,Wade LeBlanc,LeBlanc,2.8333333333333335,6,5600,MIL@PHI,MIL,PHI,,,,,0,P
58417-52195,P,Daniel,Daniel Norris,Norris,2.8181818181818183,11,5600,DET@BOS,DET,BOS,,,,,0,P
58417-13312,P,Ryan,Ryan Brasier,Brasier,5.52,25,5500,DET@BOS,BOS,DET,IL,Calf,,,,P
58417-135198,P,Daniel,Daniel Tillo,Tillo,,,5500,CLE@KC,KC,CLE,IL,Elbow,,,0,P
58417-135196,P,Tyler,Tyler Zuber,Zuber,5.25,8,5500,CLE@KC,KC,CLE,,,,,0,P
58417-82974,P,Tanner,Tanner Rainey,Rainey,2.1,10,5500,ATL@WSH,WSH,ATL,,,,,,P
58417-135209,P,Andre,Andre Scrubb,Scrubb,3,2,5500,HOU@NYY,HOU,NYY,,,,,0,P
58417-68653,P,Luis,Luis Cessa,Cessa,8.5,10,5500,HOU@NYY,NYY,HOU,,,,,0,P
58417-82999,P,Scott,Scott Barlow,Barlow,7.266666666666667,15,5500,CLE@KC,KC,CLE,,,,,0,P
58417-82998,P,Lou,Lou Trivino,Trivino,5.6875,16,5500,TOR@OAK,OAK,TOR,,,,,,P
58417-135225,P,Steven,Steven Fuentes,Fuentes,,,5500,ATL@WSH,WSH,ATL,,,,,,P
58417-11327,P,Matt,Matt Bush,Bush,4,3,5500,TEX@MIN,TEX,MIN,IL,Elbow,,,0,P
58417-23626,P,Will,Will Harris,Harris,9,1,5500,ATL@WSH,WSH,ATL,,,,,,P
58417-102481,P,Bryan,Bryan Garcia,Garcia,3.909090909090909,11,5500,DET@BOS,DET,BOS,,,,,0,P
58417-135258,P,Ramon,Ramon Rosso,Rosso,4,1,5500,MIL@PHI,PHI,MIL,,,,,0,P
58417-6234,P,Jordan,Jordan Zimmermann,Zimmermann,-4,1,5500,MIL@PHI,MIL,PHI,,,,,0,P
58417-135256,P,Connor,Connor Brogdon,Brogdon,4.333333333333333,12,5500,MIL@PHI,PHI,MIL,,,,,0,P
58417-135257,P,Damon,Damon Jones,Jones,,,5500,MIL@PHI,PHI,MIL,,,,,0,P
58417-72809,P,Austin,Austin Brice,Brice,2,9,5500,DET@BOS,BOS,DET,,,,,,P
58417-5230,P,Joe,Joe Smith,Smith,3.1538461538461537,13,5500,HOU@NYY,HOU,NYY,,,,,0,P
58417-38001,P,Matt,Matt Barnes,Barnes,8.25,16,5500,DET@BOS,BOS,DET,,,,,,P
58417-135283,P,Ty,Ty Tice,Tice,8.666666666666666,3,5500,TOR@OAK,TOR,OAK,,,,,,P
58417-85108,P,Enyel,Enyel De Los Santos,De Los Santos,6,1,5500,MIL@PHI,PHI,MIL,,,,,0,P
58417-135289,P,Kodi,Kodi Whitley,Whitley,4.8,5,5500,NYM@STL,STL,NYM,,,,,,P
58417-135294,P,Sam,Sam Clay,Clay,3.7,10,5500,ATL@WSH,WSH,ATL,,,,,,P
58417-135292,P,Edwar,Edwar Colina,Colina,-8,1,5500,TEX@MIN,MIN,TEX,IL,Elbow,,,0,P
58417-135303,P,Jordan,Jordan Weems,Weems,3.2,5,5500,TOR@OAK,OAK,TOR,,,,,,P
58417-102536,P,Nick,Nick Nelson,Nelson,7.166666666666667,6,5500,HOU@NYY,NYY,HOU,,,,,0,P
58417-73866,P,Wandy,Wandy Peralta,Peralta,4.769230769230769,13,5500,HOU@NYY,NYY,HOU,,,,,0,P
58417-6290,P,Wade,Wade Davis,Davis,3.4545454545454546,11,5500,CLE@KC,KC,CLE,,,,,0,P
58417-13458,P,Nate,Nate Jones,Jones,3.3333333333333335,12,5500,ATL@WSH,ATL,WSH,,,,,,P
58417-135312,P,Kyle,Kyle Nelson,Nelson,6,2,5500,CLE@KC,CLE,KC,,,,,,P
58417-135313,P,Nick,Nick Sandlin,Sandlin,6.5,2,5500,CLE@KC,CLE,KC,,,,,,P
58417-21653,P,Hector,Hector Neris,Neris,6.266666666666667,15,5500,MIL@PHI,PHI,MIL,,,,,0,P
58417-6295,P,Daniel,Daniel Hudson,Hudson,7.5,8,5500,ATL@WSH,WSH,ATL,,,,,,P
58417-38041,P,Ryan,Ryan Pressly,Pressly,7.636363636363637,11,5500,HOU@NYY,HOU,NYY,,,,,0,P
58417-102552,P,Seth,Seth Elledge,Elledge,4,1,5500,NYM@STL,STL,NYM,,,,,,P
58417-73882,P,Joely,Joely Rodriguez,Rodriguez,6.625,8,5500,TEX@MIN,TEX,MIN,,,,,0,P
58417-80035,P,Bobby,Bobby Wahl,Wahl,0.3333333333333333,3,5500,MIL@PHI,MIL,PHI,IL,Oblique,,,0,P
58417-5283,P,Ervin,Ervin Santana,Santana,9,3,5500,CLE@KC,KC,CLE,,,,,0,P
58417-80034,P,Jose,Jose Alvarado,Alvarado,6.545454545454546,11,5500,MIL@PHI,PHI,MIL,,,,,0,P
58417-140459,P,John,John King,King,8.454545454545455,11,5500,TEX@MIN,TEX,MIN,,,,,0,P
58417-83116,P,Wander,Wander Suero,Suero,3.875,8,5500,ATL@WSH,WSH,ATL,IL,Oblique,,,,P
58417-12463,P,Greg,Greg Holland,Holland,5.5,12,5500,CLE@KC,KC,CLE,,,,,0,P
58417-102574,P,Jake,Jake Woodford,Woodford,10.5,2,5500,NYM@STL,STL,NYM,,,,,,P
58417-21682,P,Aaron,Aaron Loup,Loup,5.5,8,5500,NYM@STL,NYM,STL,,,,,0,P
58417-145591,P,Eduard,Eduard Bazardo,Bazardo,6,1,5500,DET@BOS,BOS,DET,,,,,,P
58417-13495,P,Rafael,Rafael Dolis,Dolis,5.071428571428571,14,5500,TOR@OAK,TOR,OAK,,,,,,P
58417-145609,P,Peter,Peter Solomon,Solomon,6,2,5500,HOU@NYY,HOU,NYY,,,,,0,P
58417-38096,P,David,David Hale,Hale,3.7777777777777777,9,5500,MIL@PHI,PHI,MIL,,,,,0,P
58417-83158,P,Seranthony,Seranthony Dominguez,Dominguez,,,5500,MIL@PHI,PHI,MIL,IL,Elbow,,,0,P
58417-145626,P,Alec,Alec Bettinger,Bettinger,-21,1,5500,MIL@PHI,MIL,PHI,,,,,0,P
58417-38106,P,Kirby,Kirby Yates,Yates,3.1666666666666665,6,5500,TOR@OAK,TOR,OAK,IL,Elbow,,,,P
58417-145625,P,Bailey,Bailey Falter,Falter,6,1,5500,MIL@PHI,PHI,MIL,,,,,0,P
58417-83172,P,Jonathan,Jonathan Hernandez,Hernandez,6.888888888888889,27,5500,TEX@MIN,TEX,MIN,IL,Elbow,,,0,P
58417-136424,P,Jake,Jake Brentz,Brentz,4.785714285714286,14,5500,CLE@KC,KC,CLE,,,,,0,P
58417-83184,P,Julian,Julian Merryweather,Merryweather,8.5,4,5500,TOR@OAK,TOR,OAK,IL,Oblique,,,,P
58417-5362,P,Darren,Darren O'Day,O'Day,4.5,10,5500,HOU@NYY,NYY,HOU,IL,Shoulder,,,0,P
58417-21764,P,Caleb,Caleb Thielbar,Thielbar,9.222222222222221,9,5500,TEX@MIN,MIN,TEX,,,,,0,P
58417-85255,P,Shaun,Shaun Anderson,Anderson,4.555555555555555,18,5500,TEX@MIN,MIN,TEX,,,,,0,P
58417-79124,P,Joe,Joe Jimenez,Jimenez,-3,2,5500,DET@BOS,DET,BOS,,,,,0,P
58417-12581,P,Brandon,Brandon Kintzler,Kintzler,4.6,10,5500,MIL@PHI,PHI,MIL,,,,,0,P
58417-53550,P,Alex,Alex Reyes,Reyes,6.666666666666667,15,5500,NYM@STL,STL,NYM,,,,,,P
58417-38191,P,Hansel,Hansel Robles,Robles,4.25,12,5500,TEX@MIN,MIN,TEX,,,,,0,P
58417-79150,P,Josh,Josh Staumont,Staumont,6,13,5500,CLE@KC,KC,CLE,,,,,0,P
58417-13635,P,Brad,Brad Hand,Hand,7.5,8,5500,ATL@WSH,WSH,ATL,,,,,,P
58417-113986,P,Emmanuel,Emmanuel Clase,Clase,6.714285714285714,14,5500,CLE@KC,CLE,KC,,,,,,P
58417-38216,P,Jose,Jose Cisnero,Cisnero,4.571428571428571,14,5500,DET@BOS,DET,BOS,,,,,0,P
58417-117065,P,James,James Karinchak,Karinchak,8.4,15,5500,CLE@KC,CLE,KC,,,,,,P
58417-38228,P,Trevor,Trevor May,May,7.181818181818182,11,5500,NYM@STL,NYM,STL,,,,,0,P
58417-79196,P,Albert,Albert Abreu,Abreu,6,2,5500,HOU@NYY,NYY,HOU,,,,,0,P
58417-135530,P,Brett,Brett de Geus,de Geus,4.333333333333333,9,5500,TEX@MIN,TEX,MIN,,,,,0,P
58417-118123,P,Blake,Blake Taylor,Taylor,2.2857142857142856,7,5500,HOU@NYY,HOU,NYY,IL,Ankle,,,0,P
58417-118122,P,Angel,Angel Perdomo,Perdomo,6.5,8,5500,MIL@PHI,MIL,PHI,,,,,0,P
58417-118124,P,Kent,Kent Emanuel,Emanuel,19.666666666666668,3,5500,HOU@NYY,HOU,NYY,,,,,0,P
58417-57717,P,Buck,Buck Farmer,Farmer,1.8181818181818181,11,5500,DET@BOS,DET,BOS,,,,,0,P
58417-13709,P,Deolis,Deolis Guerra,Guerra,8.666666666666666,9,5500,TOR@OAK,OAK,TOR,,,,,,P
58417-79258,P,Ryne,Ryne Stanek,Stanek,6.928571428571429,14,5500,HOU@NYY,HOU,NYY,,,,,0,P
58417-38304,P,Archie,Archie Bradley,Bradley,3,4,5500,MIL@PHI,PHI,MIL,IL,Oblique,,,0,P
58417-79266,P,Brett,Brett Martin,Martin,3.25,8,5500,TEX@MIN,TEX,MIN,,,,,0,P
58417-118180,P,Tucker,Tucker Davidson,Davidson,5,1,5500,ATL@WSH,ATL,WSH,,,,,,P
58417-118183,P,Nivaldo,Nivaldo Rodriguez,Rodriguez,15,1,5500,HOU@NYY,HOU,NYY,,,,,0,P
58417-118182,P,Ben,Ben Braymer,Braymer,16.333333333333332,3,5500,ATL@WSH,WSH,ATL,,,,,,P
58417-101801,P,Joel,Joel Payamps,Payamps,5.666666666666667,9,5500,TOR@OAK,TOR,OAK,,,,,,P
58417-118184,P,Enoli,Enoli Paredes,Paredes,3.3333333333333335,3,5500,HOU@NYY,HOU,NYY,IL,Side,,,0,P
58417-79275,P,Sean,Sean Reid-Foley,Reid-Foley,18,2,5500,NYM@STL,NYM,STL,,,,,0,P
58417-101803,P,Jacob,Jacob Webb,Webb,4.25,8,5500,ATL@WSH,ATL,WSH,,,,,,P
58417-101802,P,Patrick,Patrick Weigel,Weigel,15.5,2,5500,MIL@PHI,MIL,PHI,,,,,0,P
58417-101809,P,Josh,Josh Taylor,Taylor,3.4166666666666665,12,5500,DET@BOS,BOS,DET,,,,,,P
58417-101814,P,Sam,Sam Hentges,Hentges,10.5,4,5500,CLE@KC,CLE,KC,,,,,,P
58417-101816,P,Bryan,Bryan Abreu,Abreu,6.75,12,5500,HOU@NYY,HOU,NYY,,,,,0,P
58417-118205,P,Anthony,Anthony Castro,Castro,8.166666666666666,6,5500,TOR@OAK,TOR,OAK,IL,Forearm,,,,P
58417-101823,P,Jordan,Jordan Yamamoto,Yamamoto,14,1,5500,NYM@STL,NYM,STL,,,,,0,P
58417-101822,P,Josh,Josh Sborz,Sborz,6.454545454545454,11,5500,TEX@MIN,TEX,MIN,,,,,0,P
58417-118208,P,Brooks,Brooks Kriske,Kriske,3,1,5500,HOU@NYY,NYY,HOU,,,,,0,P
58417-118213,P,DeMarcus,DeMarcus Evans,Evans,5.25,4,5500,TEX@MIN,TEX,MIN,,,,,0,P
58417-118221,P,J.P.,J.P. Feyereisen,Feyereisen,5.8125,16,5500,MIL@PHI,MIL,PHI,,,,,0,P
58417-118225,P,Cristopher,Cristopher Sanchez,Sanchez,,,5500,MIL@PHI,PHI,MIL,,,,,0,P
58417-101845,P,Genesis,Genesis Cabrera,Cabrera,5.071428571428571,14,5500,NYM@STL,STL,NYM,,,,,,P
58417-101851,P,Brock,Brock Burke,Burke,,,5500,TEX@MIN,TEX,MIN,,,,,0,P
58417-80346,P,Giovanny,Giovanny Gallegos,Gallegos,8.133333333333333,15,5500,NYM@STL,STL,NYM,,,,,,P
58417-101856,P,Patrick,Patrick Murphy,Murphy,7.5,4,5500,TOR@OAK,TOR,OAK,IL,Shoulder,,,,P
58417-116194,P,Eric,Eric Yardley,Yardley,2.4,10,5500,MIL@PHI,MIL,PHI,IL,Shoulder,,,0,P
58417-117232,P,Michael,Michael King,King,20,3,5500,HOU@NYY,NYY,HOU,,,,,0,P
58417-96760,P,Kyle,Kyle McGowin,McGowin,3.142857142857143,7,5500,ATL@WSH,WSH,ATL,,,,,,P
58417-101904,P,Jordan,Jordan Romano,Romano,6.222222222222222,9,5500,TOR@OAK,TOR,OAK,,,,,,P
58417-101909,P,Travis,Travis Bergen,Bergen,5.666666666666667,3,5500,TOR@OAK,TOR,OAK,,,,,,P
58417-71190,P,Jose,Jose Leclerc,Leclerc,6,2,5500,TEX@MIN,TEX,MIN,IL,Elbow,,,0,P
58417-80409,P,Paolo,Paolo Espino,Espino,7.4,5,5500,ATL@WSH,WSH,ATL,,,,,,P
58417-101913,P,Brandon,Brandon Brennan,Brennan,6.8,5,5500,DET@BOS,BOS,DET,,,,,,P
58417-136734,P,Cam,Cam Hill,Hill,4.722222222222222,18,5500,CLE@KC,CLE,KC,IL,Wrist,,,,P
58417-64044,P,Tyler,Tyler Duffey,Duffey,4.181818181818182,11,5500,TEX@MIN,MIN,TEX,,,,,0,P
58417-5683,P,Oliver,Oliver Perez,Perez,4.6,5,5500,CLE@KC,CLE,KC,,,,,,P
58417-12860,P,Zack,Zack Britton,Britton,4.95,20,5500,HOU@NYY,NYY,HOU,IL,Elbow,,,0,P
58417-119361,P,Drew,Drew Rasmussen,Rasmussen,6.166666666666667,12,5500,MIL@PHI,MIL,PHI,,,,,0,P
58417-139851,P,Justin,Justin Topa,Topa,8.833333333333334,6,5500,MIL@PHI,MIL,PHI,IL,Elbow,,,0,P
58417-80461,P,Ryne,Ryne Harper,Harper,6,2,5500,ATL@WSH,WSH,ATL,,,,,,P
58417-85592,P,Daniel,Daniel Zamora,Zamora,,,5500,NYM@STL,NYM,STL,,,,,0,P
58417-16986,P,Alex,Alex Colome,Colome,4.818181818181818,11,5500,TEX@MIN,MIN,TEX,,,,,0,P
58417-85594,P,Jake,Jake Newberry,Newberry,1,4,5500,CLE@KC,KC,CLE,,,,,0,P
58417-80478,P,Reymin,Reymin Guduan,Guduan,-0.8,5,5500,TOR@OAK,OAK,TOR,,,,,,P
58417-16994,P,Lucas,Lucas Luetge,Luetge,8.363636363636363,11,5500,HOU@NYY,NYY,HOU,,,,,0,P
58417-82538,P,Darwinzon,Darwinzon Hernandez,Hernandez,5.333333333333333,12,5500,DET@BOS,BOS,DET,,,,,,P
58417-118381,P,Kyle,Kyle Finnegan,Finnegan,6.153846153846154,13,5500,ATL@WSH,WSH,ATL,,,,,,P
58417-5743,P,Yusmeiro,Yusmeiro Petit,Petit,6.8125,16,5500,TOR@OAK,OAK,TOR,,,,,,P
58417-82547,P,Thomas,Thomas Hatch,Hatch,8.352941176470589,17,5500,TOR@OAK,TOR,OAK,IL,Elbow,,,,P
58417-82548,P,Alex,Alex Lange,Lange,4,9,5500,DET@BOS,DET,BOS,,,,,0,P
58417-118392,P,Rony,Rony Garcia,Garcia,3.6,15,5500,DET@BOS,DET,BOS,,,,,0,P
58417-62087,P,Miguel,Miguel Castro,Castro,7.090909090909091,11,5500,NYM@STL,NYM,STL,,,,,0,P
58417-17037,P,Trevor,Trevor Rosenthal,Rosenthal,7.6521739130434785,23,5500,TOR@OAK,OAK,TOR,IL,Shoulder,,,,P
58417-82572,P,Gregory,Gregory Soto,Soto,6.230769230769231,13,5500,DET@BOS,DET,BOS,,,,,0,P
58417-82587,P,Richard,Richard Lovelady,Lovelady,0,1,5500,CLE@KC,KC,CLE,,,,,0,P
58417-13992,P,Luis,Luis Avilan,Avilan,3.75,4,5500,ATL@WSH,WSH,ATL,IL,Elbow,,,,P
58417-80568,P,Edgar,Edgar Santana,Santana,2.6666666666666665,3,5500,ATL@WSH,ATL,WSH,,,,,,P
58417-114360,P,Devin,Devin Williams,Williams,5.636363636363637,11,5500,MIL@PHI,MIL,PHI,,,,,0,P
58417-80571,P,Phil,Phil Maton,Maton,6,9,5500,CLE@KC,CLE,KC,,,,,,P
58417-82621,P,Clarke,Clarke Schmidt,Schmidt,8.333333333333334,3,5500,HOU@NYY,NYY,HOU,IL,Elbow,,,0,P
58417-82627,P,JoJo,JoJo Romero,Romero,2.727272727272727,11,5500,MIL@PHI,PHI,MIL,,,,,0,P
58417-38596,P,Chris,Chris Martin,Martin,2.5,2,5500,ATL@WSH,ATL,WSH,IL,Shoulder,,,,P
58417-17094,P,Jake,Jake Diekman,Diekman,7,13,5500,TOR@OAK,OAK,TOR,,,,,,P
58417-82631,P,Taylor,Taylor Hearn,Hearn,7.777777777777778,9,5500,TEX@MIN,TEX,MIN,,,,,0,P
58417-17100,P,Jeurys,Jeurys Familia,Familia,4.5,10,5500,NYM@STL,NYM,STL,,,,,0,P
58417-81615,P,Tim,Tim Mayza,Mayza,4.583333333333333,12,5500,TOR@OAK,TOR,OAK,,,,,,P
58417-82639,P,Ryan,Ryan Helsley,Helsley,6.214285714285714,14,5500,NYM@STL,STL,NYM,,,,,,P
58417-82638,P,Jordan,Jordan Hicks,Hicks,4.2,10,5500,NYM@STL,STL,NYM,IL,Elbow,,,,P
58417-13010,P,David,David Phelps,Phelps,6.636363636363637,11,5500,TOR@OAK,TOR,OAK,DTD,Shoulder,,,,P
58417-112348,P,Cody,Cody Stashak,Stashak,5.090909090909091,11,5500,TEX@MIN,MIN,TEX,,,,,0,P
58417-14047,P,Brad,Brad Boxberger,Boxberger,5.25,12,5500,MIL@PHI,MIL,PHI,,,,,0,P
58417-13025,P,Pedro,Pedro Baez,Baez,4,18,5500,HOU@NYY,HOU,NYY,IL,Shoulder,,,0,P
58417-14049,P,Bryan,Bryan Shaw,Shaw,6.076923076923077,13,5500,CLE@KC,CLE,KC,,,,,,P
58417-147169,P,Hirokazu,Hirokazu Sawamura,Sawamura,6.583333333333333,12,5500,DET@BOS,BOS,DET,,,,,,P
58417-81642,P,A.J.,A.J. Minter,Minter,5.4,15,5500,ATL@WSH,ATL,WSH,,,,,,P
58417-84727,P,Drew,Drew Smith,Smith,3.375,8,5500,NYM@STL,NYM,STL,,,,,0,P
58417-53021,P,Nick,Nick Wittgren,Wittgren,5.2,10,5500,CLE@KC,CLE,KC,,,,,,P
58417-138016,P,Brandon,Brandon Waddell,Waddell,0,4,5500,TEX@MIN,MIN,TEX,,,,,0,P
58417-53048,P,Cam,Cam Bedrosian,Bedrosian,2.8333333333333335,6,5500,TOR@OAK,OAK,TOR,,,,,,P
58417-13118,P,Justin,Justin Wilson,Wilson,3.25,8,5500,HOU@NYY,NYY,HOU,,,,,0,P
58417-70482,P,J.B.,J.B. Wendelken,Wendelken,4.066666666666666,15,5500,TOR@OAK,OAK,TOR,IL,Oblique,,,,P
58417-11108,P,Aroldis,Aroldis Chapman,Chapman,10.636363636363637,11,5500,HOU@NYY,NYY,HOU,,,,,0,P
58417-70517,P,Chad,Chad Green,Green,7.214285714285714,14,5500,HOU@NYY,NYY,HOU,,,,,0,P
58417-68474,P,Josh,Josh Hader,Hader,8.909090909090908,11,5500,MIL@PHI,MIL,PHI,,,,,0,P
58417-68476,P,Taylor,Taylor Rogers,Rogers,6.5,10,5500,TEX@MIN,MIN,TEX,,,,,0,P
58417-13183,P,Dellin,Dellin Betances,Betances,3,1,5500,NYM@STL,NYM,STL,IL,Shoulder,,,0,P
58417-108421,P,Phillips,Phillips Valdez,Valdez,6.5,8,5500,DET@BOS,BOS,DET,,,,,,P
58417-23437,P,Brooks,Brooks Raley,Raley,3.066666666666667,15,5500,HOU@NYY,HOU,NYY,,,,,0,P
58417-39843,P,Burch,Burch Smith,Smith,4.5,2,5500,TOR@OAK,OAK,TOR,IL,Groin,,,,P
58417-8101,P,Ian,Ian Kennedy,Kennedy,6.642857142857143,14,5500,TEX@MIN,TEX,MIN,,,,,0,P
58417-80804,P,Tyler,Tyler Webb,Webb,1.5,12,5500,NYM@STL,STL,NYM,,,,,,P
58417-6057,P,Andrew,Andrew Miller,Miller,2.7777777777777777,9,5500,NYM@STL,STL,NYM,IL,Toe,,,,P
58417-102330,P,Kris,Kris Bubic,Bubic,0,1,5500,CLE@KC,KC,CLE,,,,,0,P
58417-68545,P,Stephen,Stephen Tarpley,Tarpley,-6,1,5500,NYM@STL,NYM,STL,,,,,0,P
58417-80832,P,Trevor,Trevor Hildenberger,Hildenberger,3.5,2,5500,NYM@STL,NYM,STL,,,,,0,P
58417-68548,P,Edwin,Edwin Diaz,Diaz,5.909090909090909,11,5500,NYM@STL,NYM,STL,DTD,Back,,,0,P
58417-68552,P,Sam,Sam Coonrod,Coonrod,6.846153846153846,13,5500,MIL@PHI,PHI,MIL,,,,,0,P
58417-80849,P,Adam,Adam Kolarek,Kolarek,1.3333333333333333,9,5500,TOR@OAK,OAK,TOR,,,,,,P
58417-52177,P,Jesse,Jesse Biddle,Biddle,4,4,5500,ATL@WSH,ATL,WSH,,,,,,P
58417-102355,P,Jorge,Jorge Alcala,Alcala,5.083333333333333,12,5500,TEX@MIN,MIN,TEX,,,,,0,P
58417-13271,P,Will,Will Smith,Smith,5.538461538461538,13,5500,ATL@WSH,ATL,WSH,,,,,,P
58417-80856,P,Luke,Luke Farrell,Farrell,6,1,5500,TEX@MIN,MIN,TEX,,,,,0,P
58417-52192,P,Luke,Luke Jackson,Jackson,4.909090909090909,11,5500,ATL@WSH,ATL,WSH,,,,,,P
58417-12257,P,Adam,Adam Ottavino,Ottavino,5.571428571428571,14,5500,DET@BOS,BOS,DET,,,,,,P
58417-70629,P,Jacob,Jacob Barnes,Barnes,4.714285714285714,7,5500,NYM@STL,NYM,STL,,,,,0,P
58417-102377,P,Trevor,Trevor Stephan,Stephan,7.142857142857143,7,5500,CLE@KC,CLE,KC,,,,,,P
58417-102376,P,Garrett,Garrett Whitlock,Whitlock,11.75,8,5500,DET@BOS,BOS,DET,,,,,,P
58417-102382,P,Daulton,Daulton Jefferies,Jefferies,-6,1,5500,TOR@OAK,OAK,TOR,IL,Biceps,,,,P
58417-68592,P,Francis,Francis Martes,Martes,,,5500,HOU@NYY,HOU,NYY,NA,Suspension,,,0,P
58417-5107,P,Sergio,Sergio Romo,Romo,2.4166666666666665,12,5500,TOR@OAK,OAK,TOR,,,,,,P
58417-39086,OF,Byron,Byron Buxton,Buxton,16.047826352326766,23,4400,TEX@MIN,MIN,TEX,,,,,2,OF/UTIL
58417-79756,OF,Ronald,Ronald Acuna Jr.,Acuna Jr.,16.539285932268417,28,4300,ATL@WSH,ATL,WSH,,,,,,OF/UTIL
58417-38976,3B,Jose,Jose Ramirez,Ramirez,13.489655593345905,29,4200,CLE@KC,CLE,KC,,,,,,3B/UTIL
58417-13540,OF,J.D.,J.D. Martinez,Martinez,16.086206896551722,29,4100,DET@BOS,BOS,DET,,,,,,OF/UTIL
58417-16983,OF,George,George Springer,Springer,14.774999618530273,4,4100,TOR@OAK,TOR,OAK,IL,Quadriceps,,,,OF/UTIL
58417-12948,OF,Bryce,Bryce Harper,Harper,13.108333587646484,24,4100,MIL@PHI,PHI,MIL,DTD,Wrist,,,0,OF/UTIL
58417-21609,OF,Christian,Christian Yelich,Yelich,10.109999847412109,10,4000,MIL@PHI,MIL,PHI,IL,Back,,,0,OF/UTIL
58417-60643,OF,Aaron,Aaron Judge,Judge,11.088888662832755,27,3900,HOU@NYY,NYY,HOU,,,,,3,OF/UTIL
58417-79273,1B/3B,Vladimir,Vladimir Guerrero Jr.,Guerrero Jr.,14.179310765759698,29,3900,TOR@OAK,TOR,OAK,,,,,,C/1B/3B/UTIL
58417-5763,OF,Nelson,Nelson Cruz,Cruz,12.089285714285714,28,3900,TEX@MIN,MIN,TEX,,,,,3,OF/UTIL
58417-65881,SS,Trea,Trea Turner,Turner,12.453845684344952,26,3800,ATL@WSH,WSH,ATL,,,,,,SS/UTIL
58417-79282,OF,Juan,Juan Soto,Soto,10.512499809265137,16,3800,ATL@WSH,WSH,ATL,DTD,Shoulder,,,,OF/UTIL
58417-82614,1B,Pete,Pete Alonso,Alonso,11.11199951171875,25,3800,NYM@STL,NYM,STL,,,,,4,C/1B/UTIL
58417-68522,3B,Alex,Alex Bregman,Bregman,10.966667175292969,24,3800,HOU@NYY,HOU,NYY,,,,,3,3B/UTIL
58417-12302,OF,Giancarlo,Giancarlo Stanton,Stanton,12.884615384615385,26,3700,HOU@NYY,NYY,HOU,,,,,2,OF/UTIL
58417-37982,SS,Xander,Xander Bogaerts,Bogaerts,12.210345038052264,29,3700,DET@BOS,BOS,DET,,,,,,SS/UTIL
58417-83155,OF,Ramon,Ramon Laureano,Laureano,12.803447854929956,29,3700,TOR@OAK,OAK,TOR,,,,,,OF/UTIL
58417-13719,3B,Nolan,Nolan Arenado,Arenado,10.703225412676412,31,3700,NYM@STL,STL,NYM,,,,,,3B/UTIL
58417-70562,2B/OF,Whit,Whit Merrifield,Merrifield,13.010344406654095,29,3700,CLE@KC,KC,CLE,,,,,1,2B/OF/UTIL
58417-68585,3B,Rafael,Rafael Devers,Devers,12.489286150251116,28,3700,DET@BOS,BOS,DET,,,,,,3B/UTIL
58417-11334,1B,Freddie,Freddie Freeman,Freeman,10.806667073567708,30,3600,ATL@WSH,ATL,WSH,,,,,,C/1B/UTIL
58417-84133,OF,Franmil,Franmil Reyes,Reyes,12.51923076923077,26,3600,CLE@KC,CLE,KC,,,,,,OF/UTIL
58417-21666,OF,Mark,Mark Canha,Canha,11.329032651839718,31,3500,TOR@OAK,OAK,TOR,,,,,,OF/UTIL
58417-79215,1B,Rhys,Rhys Hoskins,Hoskins,10.958064909904234,31,3500,MIL@PHI,PHI,MIL,,,,,3,C/1B/UTIL
58417-82575,OF,Yordan,Yordan Alvarez,Alvarez,11.41304347826087,23,3500,HOU@NYY,HOU,NYY,,,,,4,OF/UTIL
58417-82654,SS,Bo,Bo Bichette,Bichette,12.251723716998923,29,3500,TOR@OAK,TOR,OAK,,,,,,SS/UTIL
58417-52175,1B,Matt,Matt Olson,Olson,11.903846153846153,26,3500,TOR@OAK,OAK,TOR,,,,,,C/1B/UTIL
58417-12310,1B,Carlos,Carlos Santana,Santana,11.548275651602909,29,3300,CLE@KC,KC,CLE,,,,,3,C/1B/UTIL
58417-12434,OF,Lorenzo,Lorenzo Cain,Cain,12.780000305175781,10,3200,MIL@PHI,MIL,PHI,,,,,0,OF/UTIL
58417-21705,2B/SS,Marcus,Marcus Semien,Semien,10.47931013436153,29,3200,TOR@OAK,TOR,OAK,,,,,,2B/SS/UTIL
58417-14562,2B,Jose,Jose Altuve,Altuve,8.905000305175781,20,3200,HOU@NYY,HOU,NYY,,,,,1,2B/UTIL
58417-85520,OF,Adolis,Adolis Garcia,Garcia,12.26818154074929,22,3200,TEX@MIN,TEX,MIN,,,,,5,OF/UTIL
58417-12968,1B,Paul,Paul Goldschmidt,Goldschmidt,9.931034482758621,29,3200,NYM@STL,STL,NYM,,,,,,C/1B/UTIL
58417-38614,SS,Carlos,Carlos Correa,Correa,9.455172834725216,29,3200,HOU@NYY,HOU,NYY,,,,,6,SS/UTIL
58417-13266,C,Salvador,Salvador Perez,Perez,10.765517662311423,29,3200,CLE@KC,KC,CLE,,,,,4,C/1B/UTIL
58417-68587,2B,Ozzie,Ozzie Albies,Albies,10.442856924874443,28,3200,ATL@WSH,ATL,WSH,,,,,,2B/UTIL
58417-60642,OF,Michael,Michael Conforto,Conforto,8.637500127156576,24,3100,NYM@STL,NYM,STL,,,,,3,OF/UTIL
58417-79160,OF,Alex,Alex Verdugo,Verdugo,11.542857578822545,28,3100,DET@BOS,BOS,DET,DTD,Back,,,,OF/UTIL
58417-13771,2B/3B,Josh,Josh Harrison,Harrison,9.80526331851357,19,3100,ATL@WSH,WSH,ATL,,,,,,2B/3B/UTIL
58417-12113,3B,Josh,Josh Donaldson,Donaldson,8.450000339084202,18,3100,TEX@MIN,MIN,TEX,,,,,0,3B/UTIL
58417-71507,1B,Yuli,Yuli Gurriel,Gurriel,11.186206686085669,29,3100,HOU@NYY,HOU,NYY,,,,,5,C/1B/UTIL
58417-68525,3B/OF,J.D.,J.D. Davis,Davis,9.75,14,3100,NYM@STL,NYM,STL,IL,Hand,,,0,3B/OF/UTIL
58417-82977,3B/SS,Isiah,Isiah Kiner-Falefa,Kiner-Falefa,10.640625,32,3000,TEX@MIN,TEX,MIN,,,,,7,3B/SS/UTIL
58417-6273,OF,Michael,Michael Brantley,Brantley,10.088461068960337,26,3000,HOU@NYY,HOU,NYY,,,,,2,OF/UTIL
58417-13567,2B/3B,DJ,DJ LeMahieu,LeMahieu,9.260713849748884,28,3000,HOU@NYY,NYY,HOU,,,,,1,2B/3B/UTIL
58417-85285,1B,Nate,Nate Lowe,Lowe,11.618749618530273,32,3000,TEX@MIN,TEX,MIN,,,,,3,C/1B/UTIL
58417-5456,OF,Andrew,Andrew McCutchen,McCutchen,8.729629516601562,27,3000,MIL@PHI,PHI,MIL,,,,,1,OF/UTIL
58417-21874,2B/SS,Jorge,Jorge Polanco,Polanco,8.09629652235243,27,3000,TEX@MIN,MIN,TEX,,,,,0,2B/SS/UTIL
58417-13841,SS,Didi,Didi Gregorius,Gregorius,9.36923100398137,26,3000,MIL@PHI,PHI,MIL,,,,,4,SS/UTIL
58417-80462,SS,Paul,Paul DeJong,DeJong,9.5827584102236,29,3000,NYM@STL,STL,NYM,,,,,,SS/UTIL
58417-38571,1B/3B,Travis,Travis Shaw,Shaw,9.457142421177455,28,3000,MIL@PHI,MIL,PHI,,,,,4,C/1B/3B/UTIL
58417-17139,C,J.T.,J.T. Realmuto,Realmuto,8.893103237809806,29,3000,MIL@PHI,PHI,MIL,,,,,0,C/1B/UTIL
58417-108450,2B/OF,Tommy,Tommy Edman,Edman,9.290322580645162,31,3000,NYM@STL,STL,NYM,,,,,,2B/OF/UTIL
58417-68544,3B,Matt,Matt Chapman,Chapman,8.743749618530273,32,3000,TOR@OAK,OAK,TOR,,,,,,3B/UTIL
58417-52164,2B/SS,Adalberto,Adalberto Mondesi,Mondesi,10.772880942134535,59,3000,CLE@KC,KC,CLE,IL,Oblique,,,0,2B/SS/UTIL
58417-80838,1B,Luke,Luke Voit,Voit,13.62857164655413,56,3000,HOU@NYY,NYY,HOU,IL,Knee,,,0,C/1B/UTIL
58417-79188,OF,Alex,Alex Kirilloff,Kirilloff,11.591667175292969,12,2900,TEX@MIN,MIN,TEX,IL,Wrist,,,0,OF/UTIL
58417-21875,OF,Max,Max Kepler,Kepler,8.19473668148643,19,2900,TEX@MIN,MIN,TEX,,,,,1,OF/UTIL
58417-79249,OF,Harrison,Harrison Bader,Bader,13.516666412353516,6,2900,NYM@STL,STL,NYM,,,,,,OF/UTIL
58417-38321,OF,Joey,Joey Gallo,Gallo,9.690322383757561,31,2900,TEX@MIN,TEX,MIN,,,,,4,OF/UTIL
58417-101827,2B,Luis,Luis Arraez,Arraez,9.22,25,2900,TEX@MIN,MIN,TEX,IL,Concussion,,,0,2B/UTIL
58417-53725,1B,Renato,Renato Nunez,Nunez,9.785714285714286,7,2900,DET@BOS,DET,BOS,,,,,0,C/1B/UTIL
58417-13854,OF,Robbie,Robbie Grossman,Grossman,9.033333333333333,30,2900,DET@BOS,DET,BOS,,,,,1,OF/UTIL
58417-16948,2B,Kolten,Kolten Wong,Wong,9.234999847412109,20,2900,MIL@PHI,MIL,PHI,,,,,1,2B/UTIL
58417-16952,SS,Francisco,Francisco Lindor,Lindor,5.895833333333333,24,2900,NYM@STL,NYM,STL,,,,,2,SS/UTIL
58417-82620,2B/OF,Nick,Nick Solak,Solak,11.059374809265137,32,2900,TEX@MIN,TEX,MIN,,,,,2,2B/OF/UTIL
58417-17086,OF,Marcell,Marcell Ozuna,Ozuna,8.489999898274739,30,2900,ATL@WSH,ATL,WSH,,,,,,OF/UTIL
58417-82624,C,Sean,Sean Murphy,Murphy,8.804166793823242,24,2900,TOR@OAK,OAK,TOR,,,,,,C/1B/UTIL
58417-6029,2B,Jed,Jed Lowrie,Lowrie,10.273333740234374,30,2900,TOR@OAK,OAK,TOR,,,,,,2B/UTIL
58417-68495,OF,Andrew,Andrew Benintendi,Benintendi,10.540740966796875,27,2900,CLE@KC,KC,CLE,,,,,2,OF/UTIL
58417-81924,2B/SS,Niko,Niko Goodrum,Goodrum,8.72499974568685,24,2800,DET@BOS,DET,BOS,,,,,5,2B/SS/UTIL
58417-5181,C,Yadier,Yadier Molina,Molina,12.031579268606086,19,2800,NYM@STL,STL,NYM,IL,Foot,,,,C/1B/UTIL
58417-21584,2B/3B,Rougned,Rougned Odor,Odor,8.268421373869243,19,2800,HOU@NYY,NYY,HOU,IL,Knee,,,0,2B/3B/UTIL
58417-79125,OF,Kyle,Kyle Tucker,Tucker,8.136666870117187,30,2800,HOU@NYY,HOU,NYY,,,,,7,OF/UTIL
58417-85307,2B/3B,Jeff,Jeff McNeil,McNeil,6.958333333333333,24,2800,NYM@STL,NYM,STL,,,,,1,2B/3B/UTIL
58417-73023,OF,Teoscar,Teoscar Hernandez,Hernandez,8.746153611403246,13,2800,TOR@OAK,TOR,OAK,,,,,,OF/UTIL
58417-79174,C,Jacob,Jacob Nottingham,Nottingham,20.450000762939453,2,2800,MIL@PHI,MIL,PHI,,,,,0,C/1B/UTIL
58417-13909,OF,Randal,Randal Grichuk,Grichuk,10.079309923895474,29,2800,TOR@OAK,TOR,OAK,,,,,,OF/UTIL
58417-12985,OF,Avisail,Avisail Garcia,Garcia,9.599999564034599,28,2800,MIL@PHI,MIL,PHI,,,,,0,OF/UTIL
58417-52162,3B/OF,Hunter,Hunter Dozier,Dozier,9,25,2800,CLE@KC,KC,CLE,,,,,6,3B/OF/UTIL
58417-5062,1B,Ryan,Ryan Zimmerman,Zimmerman,8.177777608235678,18,2800,ATL@WSH,WSH,ATL,,,,,,C/1B/UTIL
58417-52170,1B/OF,Dominic,Dominic Smith,Smith,6.369565217391305,23,2800,NYM@STL,NYM,STL,,,,,5,C/1B/OF/UTIL
58417-68588,SS/2B,Gleyber,Gleyber Torres,Torres,7.375,28,2800,HOU@NYY,NYY,HOU,,,,,5,2B/SS/UTIL
58417-38040,OF,Eddie,Eddie Rosario,Rosario,9.967857360839844,28,2700,CLE@KC,CLE,KC,,,,,,OF/UTIL
58417-60631,OF,Kyle,Kyle Schwarber,Schwarber,7.0210523103412825,19,2700,ATL@WSH,WSH,ATL,,,,,,OF/UTIL
58417-79170,OF,Willie,Willie Calhoun,Calhoun,10.120000203450521,15,2700,TEX@MIN,TEX,MIN,,,,,1,OF/UTIL
58417-38299,OF,Kevin,Kevin Pillar,Pillar,5.8833334181043835,18,2700,NYM@STL,NYM,STL,,,,,6,OF/UTIL
58417-71182,1B/3B,Jeimer,Jeimer Candelario,Candelario,8.299999606224798,31,2700,DET@BOS,DET,BOS,,,,,3,C/1B/3B/UTIL
58417-23107,OF,Jorge,Jorge Soler,Soler,7.903448170629041,29,2700,CLE@KC,KC,CLE,,,,,5,OF/UTIL
58417-13894,OF,Aaron,Aaron Hicks,Hicks,7.7296295166015625,27,2700,HOU@NYY,NYY,HOU,,,,,7,OF/UTIL
58417-17097,OF,Brandon,Brandon Nimmo,Nimmo,8.97142828078497,21,2700,NYM@STL,NYM,STL,IL,Finger,,,0,OF/UTIL
58417-81622,C,Mitch,Mitch Garver,Garver,8.686363913796164,22,2700,TEX@MIN,MIN,TEX,,,,,0,C/1B/UTIL
58417-53994,1B,Josh,Josh Bell,Bell,8.53529447667739,17,2700,ATL@WSH,WSH,ATL,,,,,,C/1B/UTIL
58417-68547,OF,Tyler,Tyler O'Neill,O'Neill,10.385714576357888,21,2700,NYM@STL,STL,NYM,,,,,,OF/UTIL
58417-13354,2B,Cesar,Cesar Hernandez,Hernandez,7.375,28,2600,CLE@KC,CLE,KC,,,,,,2B/UTIL
58417-79918,C,Kyle,Kyle Higashioka,Higashioka,9.326666259765625,15,2600,HOU@NYY,NYY,HOU,,,,,8,C/1B/UTIL
58417-38112,3B,Gio,Gio Urshela,Urshela,9.029629742657697,27,2600,HOU@NYY,NYY,HOU,,,,,4,3B/UTIL
58417-38252,OF,Stephen,Stephen Piscotty,Piscotty,5.947999877929687,25,2600,TOR@OAK,OAK,TOR,,,,,,OF/UTIL
58417-13792,2B/OF,Kike,Kike Hernandez,Hernandez,9.09655130320582,29,2600,DET@BOS,BOS,DET,,,,,,2B/OF/UTIL
58417-79400,OF,Dylan,Dylan Carlson,Carlson,9.758064516129032,31,2600,NYM@STL,STL,NYM,DTD,Lower leg,,,,OF/UTIL
58417-17014,SS,Andrelton,Andrelton Simmons,Simmons,7.515789634303043,19,2600,TEX@MIN,MIN,TEX,,,,,8,SS/UTIL
58417-119444,C,Alejandro,Alejandro Kirk,Kirk,7.376470677992877,17,2600,TOR@OAK,TOR,OAK,IL,Hip,,,,C/1B/UTIL
58417-54068,OF,Hunter,Hunter Renfroe,Renfroe,8.095652041227922,23,2600,DET@BOS,BOS,DET,,,,,,OF/UTIL
58417-11344,C,Jason,Jason Castro,Castro,8.264285496303014,14,2500,HOU@NYY,HOU,NYY,,,,,0,C/1B/UTIL
58417-79223,1B/OF,Josh,Josh Naylor,Naylor,7.730769230769231,26,2500,CLE@KC,CLE,KC,,,,,,C/1B/OF/UTIL
58417-79225,3B/SS,Luis,Luis Urias,Urias,7.914285932268415,28,2500,MIL@PHI,MIL,PHI,,,,,6,3B/SS/UTIL
58417-38282,1B,Daniel,Daniel Vogelbach,Vogelbach,4.589655382879849,29,2500,MIL@PHI,MIL,PHI,,,,,2,C/1B/UTIL
58417-13858,C,Christian,Christian Vazquez,Vazquez,8.723077040452223,26,2500,DET@BOS,BOS,DET,,,,,,C/1B/UTIL
58417-16950,1B,Miguel,Miguel Sano,Sano,6.949999809265137,16,2500,TEX@MIN,MIN,TEX,,,,,6,C/1B/UTIL
58417-72261,OF,Guillermo,Guillermo Heredia,Heredia,11.26153799203726,13,2500,ATL@WSH,ATL,WSH,IL,Hamstring,,,,OF/UTIL
58417-16981,C,Yan,Yan Gomes,Gomes,8.387499809265137,16,2500,ATL@WSH,WSH,ATL,,,,,,C/1B/UTIL
58417-81506,OF,Jordan,Jordan Luplow,Luplow,10.25,22,2500,CLE@KC,CLE,KC,,,,,,OF/UTIL
58417-119401,C,Rafael,Rafael Marchan,Marchan,14.699999491373697,3,2500,MIL@PHI,PHI,MIL,,,,,0,C/1B/UTIL
58417-12123,C,Wilson,Wilson Ramos,Ramos,7.303571428571429,28,2500,DET@BOS,DET,BOS,,,,,4,C/1B/UTIL
58417-102370,1B/3B,Alec,Alec Bohm,Bohm,7.487096971081149,31,2500,MIL@PHI,PHI,MIL,,,,,5,C/1B/3B/UTIL
58417-79074,3B,Austin,Austin Riley,Riley,8.023333231608072,30,2400,ATL@WSH,ATL,WSH,,,,,,3B/UTIL
58417-85277,2B/3B,Cavan,Cavan Biggio,Biggio,6.292000122070313,25,2400,TOR@OAK,TOR,OAK,,,,,,2B/3B/UTIL
58417-79272,OF,Lourdes,Lourdes Gurriel Jr.,Gurriel Jr.,6.465384850135217,26,2400,TOR@OAK,TOR,OAK,,,,,,OF/UTIL
58417-71217,C,Omar,Omar Narvaez,Narvaez,9.040908813476562,22,2400,MIL@PHI,MIL,PHI,IL,Hamstring,,,0,C/1B/UTIL
58417-82611,OF,Akil,Akil Baddoo,Baddoo,8.560869299847147,23,2400,DET@BOS,DET,BOS,,,,,9,OF/UTIL
58417-53993,OF,Harold,Harold Ramirez,Ramirez,10.466666539510092,3,2400,CLE@KC,CLE,KC,,,,,,OF/UTIL
58417-13034,SS/OF,Charlie,Charlie Culberson,Culberson,7.475,20,2400,TEX@MIN,TEX,MIN,,,,,8,SS/OF/UTIL
58417-17167,1B,Brad,Brad Miller,Miller,6.419047764369419,21,2400,MIL@PHI,PHI,MIL,,,,,2,C/1B/UTIL
58417-54049,2B,Aledmys,Aledmys Diaz,Diaz,8.911110772026909,18,2400,HOU@NYY,HOU,NYY,,,,,0,2B/UTIL
58417-13099,C,Travis,Travis d'Arnaud,d'Arnaud,6.543478260869565,23,2400,ATL@WSH,ATL,WSH,IL,Thumb,,,,C/1B/UTIL
58417-82824,1B,Mike,Mike Ford,Ford,6.530000305175781,10,2400,HOU@NYY,NYY,HOU,,,,,6,C/1B/UTIL
58417-102285,OF,Cristian,Cristian Pache,Pache,4.6,15,2400,ATL@WSH,ATL,WSH,,,,,,OF/UTIL
58417-52150,OF,Clint,Clint Frazier,Frazier,5.395999755859375,25,2400,HOU@NYY,NYY,HOU,,,,,9,OF/UTIL
58417-52153,OF,David,David Dahl,Dahl,6.248148035120081,27,2400,TEX@MIN,TEX,MIN,,,,,6,OF/UTIL
58417-68586,SS,Dansby,Dansby Swanson,Swanson,6.4633331298828125,30,2400,ATL@WSH,ATL,WSH,,,,,,SS/UTIL
58417-102453,SS,Zack,Zack Short,Short,4.5,2,2300,DET@BOS,DET,BOS,,,,,0,SS/UTIL
58417-21637,OF,Jackie,Jackie Bradley Jr.,Bradley Jr.,6.917241589776401,29,2300,MIL@PHI,MIL,PHI,,,,,5,OF/UTIL
58417-12462,1B,Mitch,Mitch Moreland,Moreland,7.652000122070312,25,2300,TOR@OAK,OAK,TOR,,,,,,C/1B/UTIL
58417-79141,C,Ryan,Ryan O'Hearn,O'Hearn,8.074999809265137,8,2300,CLE@KC,KC,CLE,,,,,7,C/1B/UTIL
58417-21797,2B/OF,Jose,Jose Peraza,Peraza,2.066666603088379,3,2300,NYM@STL,NYM,STL,,,,,0,2B/OF/UTIL
58417-13685,3B/OF,Brock,Brock Holt,Holt,6.793333435058594,15,2300,TEX@MIN,TEX,MIN,IL,Hamstring,,,0,3B/OF/UTIL
58417-79277,1B,Rowdy,Rowdy Tellez,Tellez,4.638888888888889,18,2300,TOR@OAK,TOR,OAK,,,,,,C/1B/UTIL
58417-16947,2B,Jonathan,Jonathan Schoop,Schoop,5.021428789411273,28,2300,DET@BOS,DET,BOS,,,,,2,2B/UTIL
58417-12168,2B,Starlin,Starlin Castro,Castro,6.503846388596755,26,2300,ATL@WSH,WSH,ATL,,,,,,2B/UTIL
58417-13209,C,Manny,Manny Pina,Pina,6.909999847412109,10,2300,MIL@PHI,MIL,PHI,IL,Toe,,,0,C/1B/UTIL
58417-102331,2B/SS,Nicky,Nicky Lopez,Lopez,6.527586312129579,29,2300,CLE@KC,KC,CLE,,,,,9,2B/SS/UTIL
58417-97257,OF,Myles,Myles Straw,Straw,7.5,29,2300,HOU@NYY,HOU,NYY,,,,,8,OF/UTIL
58417-68589,SS/OF,Amed,Amed Rosario,Rosario,6.315999755859375,25,2300,CLE@KC,CLE,KC,,,,,,SS/OF/UTIL
58417-5118,1B,Miguel,Miguel Cabrera,Cabrera,4.947058733771829,17,2300,DET@BOS,DET,BOS,,,,,0,C/1B/UTIL
58417-102411,C,Andrew,Andrew Knizner,Knizner,4.5235295015222885,17,2200,NYM@STL,STL,NYM,,,,,,C/1B/UTIL
58417-135224,OF,Yadiel,Yadiel Hernandez,Hernandez,5.956250190734863,16,2200,ATL@WSH,WSH,ATL,,,,,,OF/UTIL
58417-60652,2B,Christian,Christian Arroyo,Arroyo,6.595454822887074,22,2200,DET@BOS,BOS,DET,DTD,Hand,,,,2B/UTIL
58417-38326,OF,Nomar,Nomar Mazara,Mazara,6.508333206176758,12,2200,DET@BOS,DET,BOS,IL,Abdomen,,,0,OF/UTIL
58417-16945,C,Gary,Gary Sanchez,Sanchez,6.930000305175781,20,2200,HOU@NYY,NYY,HOU,,,,,0,C/1B/UTIL
58417-21074,OF,Michael A.,Michael A. Taylor,Taylor,7.2928570338657925,28,2200,CLE@KC,KC,CLE,,,,,8,OF/UTIL
58417-119404,SS/2B,Nick,Nick Maton,Maton,5.506249904632568,16,2200,MIL@PHI,PHI,MIL,,,,,7,2B/SS/UTIL
58417-82555,3B/SS,Willi,Willi Castro,Castro,5.48518541124132,27,2200,DET@BOS,DET,BOS,,,,,0,3B/SS/UTIL
58417-52878,OF,Billy,Billy McKinney,McKinney,5.113793208681304,29,2200,MIL@PHI,MIL,PHI,,,,,7,OF/UTIL
58417-21165,C,Roberto,Roberto Perez,Perez,7.721052470960115,19,2200,CLE@KC,CLE,KC,IL,Finger,,,,C/1B/UTIL
58417-14038,OF,Khris,Khris Davis,Davis,6.226666768391927,30,2200,TEX@MIN,TEX,MIN,IL,Quadriceps,,,0,OF/UTIL
58417-84742,C,Willians,Willians Astudillo,Astudillo,6.261904761904762,21,2200,TEX@MIN,MIN,TEX,,,,,4,C/1B/UTIL
58417-68478,2B/OF,Chad,Chad Pinder,Pinder,7.050000190734863,4,2200,TOR@OAK,OAK,TOR,IL,Knee,,,,2B/OF/UTIL
58417-68481,OF,Roman,Roman Quinn,Quinn,4.466666539510091,24,2200,MIL@PHI,PHI,MIL,IL,Finger,,,0,OF/UTIL
58417-102284,C,William,William Contreras,Contreras,15.699999491373697,3,2200,ATL@WSH,ATL,WSH,,,,,,C/1B/UTIL
58417-81948,SS,Breyvic,Breyvic Valera,Valera,,,2100,TOR@OAK,TOR,OAK,,,,,,SS/UTIL
58417-38973,OF,Tyrone,Tyrone Taylor,Taylor,7.088888804117839,18,2100,MIL@PHI,MIL,PHI,,,,,3,OF/UTIL
58417-116840,C,Deivy,Deivy Grullon,Grullon,9.5,1,2100,NYM@STL,NYM,STL,,,,,0,C/1B/UTIL
58417-13430,2B/3B/SS,Jonathan,Jonathan Villar,Villar,4.80454531582919,22,2100,NYM@STL,NYM,STL,,,,,7,2B/3B/SS/UTIL
58417-83164,OF,Jake,Jake Cave,Cave,4.429629573115596,27,2100,TEX@MIN,MIN,TEX,,,,,0,OF/UTIL
58417-85249,1B/3B,Bobby,Bobby Dalbec,Dalbec,4.823999938964843,25,2100,DET@BOS,BOS,DET,,,,,,C/1B/3B/UTIL
58417-79173,OF,Corey,Corey Ray,Ray,6.199999809265137,1,2100,MIL@PHI,MIL,PHI,,,,,0,OF/UTIL
58417-118120,C,Jonah,Jonah Heim,Heim,5.936363913796165,11,2100,TEX@MIN,TEX,MIN,,,,,9,C/1B/UTIL
58417-13694,1B/OF,Marwin,Marwin Gonzalez,Gonzalez,7.5679998779296875,25,2100,DET@BOS,BOS,DET,,,,,,C/1B/OF/UTIL
58417-38276,OF,Albert,Albert Almora Jr.,Almora Jr.,0.6133333206176758,15,2100,NYM@STL,NYM,STL,,,,,0,OF/UTIL
58417-79279,OF,Andrew,Andrew Stevenson,Stevenson,4.295833269755046,24,2100,ATL@WSH,WSH,ATL,,,,,,OF/UTIL
58417-38319,OF,Odubel,Odubel Herrera,Herrera,1.5199999809265137,10,2100,MIL@PHI,PHI,MIL,,,,,8,OF/UTIL
58417-82655,C,Danny,Danny Jansen,Jansen,2.5,21,2100,TOR@OAK,TOR,OAK,,,,,,C/1B/UTIL
58417-116450,1B,Seth,Seth Brown,Brown,5.642857142857143,21,2100,TOR@OAK,OAK,TOR,,,,,,C/1B/UTIL
58417-17171,C,James,James McCann,McCann,4.820000076293946,20,2100,NYM@STL,NYM,STL,,,,,8,C/1B/UTIL
58417-13188,2B/3B,Jean,Jean Segura,Segura,7.994117288028493,17,2100,MIL@PHI,PHI,MIL,IL,Quadriceps,,,0,2B/3B/UTIL
58417-68563,OF,Victor,Victor Robles,Robles,5.142307574932392,26,2100,ATL@WSH,WSH,ATL,,,,,,OF/UTIL
58417-5122,C,Alex,Alex Avila,Avila,5.666666666666667,6,2000,ATL@WSH,WSH,ATL,,,,,,C/1B/UTIL
58417-97291,2B,Harold,Harold Castro,Castro,2.747058868408203,17,2000,DET@BOS,DET,BOS,,,,,6,2B/UTIL
58417-102417,SS,Anderson,Anderson Tejeda,Tejeda,3.0399999618530273,5,2000,TEX@MIN,TEX,MIN,,,,,0,SS/UTIL
58417-102418,2B,Eli,Eli White,White,4.084210446006374,19,2000,TEX@MIN,TEX,MIN,,,,,0,2B/UTIL
58417-135195,C,Sebastian,Sebastian Rivero,Rivero,,,2000,CLE@KC,KC,CLE,,,,,0,C/1B/UTIL
58417-135207,2B,Alex,Alex De Goti,De Goti,9.449999809265137,2,2000,HOU@NYY,HOU,NYY,,,,,0,2B/UTIL
58417-135216,OF,Chas,Chas McCormick,McCormick,6.121428353445871,14,2000,HOU@NYY,HOU,NYY,,,,,0,OF/UTIL
58417-104511,OF,Kyle,Kyle Garlick,Garlick,5.5499997820172995,14,2000,TEX@MIN,MIN,TEX,,,,,5,OF/UTIL
58417-148547,OF,Scott,Scott Hurst,Hurst,0,7,2000,NYM@STL,STL,NYM,,,,,,OF/UTIL
58417-21573,OF,Jace,Jace Peterson,Peterson,6.8599998474121096,10,2000,MIL@PHI,MIL,PHI,IL,Thumb,,,0,OF/UTIL
58417-102485,OF,Kyle,Kyle Isbel,Isbel,5.958333333333333,12,2000,CLE@KC,KC,CLE,,,,,0,OF/UTIL
58417-102497,OF,Ronnie,Ronnie Dawson,Dawson,4.133333206176758,3,2000,HOU@NYY,HOU,NYY,,,,,0,OF/UTIL
58417-82021,C,Tomas,Tomas Nido,Nido,6.237500190734863,8,2000,NYM@STL,NYM,STL,,,,,0,C/1B/UTIL
58417-102513,C,Mario,Mario Feliciano,Feliciano,6.199999809265137,1,2000,MIL@PHI,MIL,PHI,,,,,0,C/1B/UTIL
58417-135282,OF,Josh,Josh Palacios,Palacios,7.240000152587891,10,2000,TOR@OAK,TOR,OAK,,,,,,OF/UTIL
58417-38004,C,Austin,Austin Hedges,Hedges,5.372727134011009,11,2000,CLE@KC,CLE,KC,,,,,,C/1B/UTIL
58417-135284,C,Riley,Riley Adams,Adams,,,2000,TOR@OAK,TOR,OAK,,,,,,C/1B/UTIL
58417-135290,1B,John,John Nogowski,Nogowski,1.1846153552715595,13,2000,NYM@STL,STL,NYM,IL,Hand,,,,C/1B/UTIL
58417-116865,1B,Ryan,Ryan McBroom,McBroom,1.8399999618530274,5,2000,CLE@KC,KC,CLE,,,,,0,C/1B/UTIL
58417-13451,SS,Ronald,Ronald Torreyes,Torreyes,1,3,2000,MIL@PHI,PHI,MIL,IL,Undisclosed,,,0,SS/UTIL
58417-73875,OF,Jose,Jose Martinez,Martinez,5.147058823529412,34,2000,NYM@STL,NYM,STL,IL,Knee,,,0,OF/UTIL
58417-5282,C,Jeff,Jeff Mathis,Mathis,5.737499872843425,24,2000,ATL@WSH,ATL,WSH,,,,,,C/1B/UTIL
58417-102577,SS,Santiago,Santiago Espinal,Espinal,4.076923076923077,13,2000,TOR@OAK,TOR,OAK,,,,,,SS/UTIL
58417-102584,C,Tres,Tres Barrera,Barrera,0,1,2000,ATL@WSH,WSH,ATL,,,,,,C/1B/UTIL
58417-39125,C,Tomas,Tomas Telis,Telis,,,2000,TEX@MIN,MIN,TEX,,,,,0,C/1B/UTIL
58417-60636,OF,Derek,Derek Hill,Hill,0,2,2000,DET@BOS,DET,BOS,,,,,0,OF/UTIL
58417-13535,2B/SS,Ehire,Ehire Adrianza,Adrianza,5.820000076293946,20,2000,ATL@WSH,ATL,WSH,,,,,,2B/SS/UTIL
58417-60641,2B,Nick,Nick Gordon,Gordon,,,2000,TEX@MIN,MIN,TEX,,,,,7,2B/UTIL
58417-83173,C,Jose,Jose Trevino,Trevino,5.221739064092222,23,2000,TEX@MIN,TEX,MIN,,,,,0,C/1B/UTIL
58417-83177,C,Grayson,Grayson Greiner,Greiner,4.8363637057217685,11,2000,DET@BOS,DET,BOS,,,,,0,C/1B/UTIL
58417-60649,C,Alex,Alex Jackson,Jackson,2.4399999618530273,10,2000,ATL@WSH,ATL,WSH,IL,Hamstring,,,,C/1B/UTIL
58417-79087,1B/2B,Michael,Michael Chavis,Chavis,3.200000047683716,1,2000,DET@BOS,BOS,DET,,,,,,C/1B/2B/UTIL
58417-5359,SS,Elvis,Elvis Andrus,Andrus,4.313333129882812,30,2000,TOR@OAK,OAK,TOR,,,,,,SS/UTIL
58417-79112,3B,Yu,Yu Chang,Chang,3.475,20,2000,CLE@KC,CLE,KC,,,,,,3B/UTIL
58417-5390,2B,Robinson,Robinson Cano,Cano,9.951020532724808,49,2000,NYM@STL,NYM,STL,NA,Suspension,,,0,2B/UTIL
58417-79127,OF,Derek,Derek Fisher,Fisher,6.46875,16,2000,MIL@PHI,MIL,PHI,IL,Hamstring,,,0,OF/UTIL
58417-79128,C,Garrett,Garrett Stubbs,Stubbs,0,1,2000,HOU@NYY,HOU,NYY,,,,,0,C/1B/UTIL
58417-12577,OF,Jarrod,Jarrod Dyson,Dyson,3.4124999046325684,16,2000,CLE@KC,KC,CLE,,,,,0,OF/UTIL
58417-110911,OF,Robel,Robel Garcia,Garcia,1.7444444232516818,9,2000,HOU@NYY,HOU,NYY,,,,,0,OF/UTIL
58417-79176,OF,JT,JT Riddle,Riddle,2.299999952316284,4,2000,TEX@MIN,MIN,TEX,,,,,0,OF/UTIL
58417-79189,2B,Travis,Travis Blankenhorn,Blankenhorn,3.200000047683716,1,2000,TEX@MIN,MIN,TEX,,,,,0,2B/UTIL
58417-79190,C,Ben,Ben Rortvedt,Rortvedt,4.233333269755046,3,2000,TEX@MIN,MIN,TEX,,,,,9,C/1B/UTIL
58417-79195,3B/OF,Miguel,Miguel Andujar,Andujar,5.166666666666667,21,2000,HOU@NYY,NYY,HOU,,,,,0,3B/OF/UTIL
58417-38247,2B/3B,Hanser,Hanser Alberto,Alberto,4.195652173913044,23,2000,CLE@KC,KC,CLE,,,,,0,2B/3B/UTIL
58417-79211,OF,Mickey,Mickey Moniak,Moniak,4.709999847412109,10,2000,MIL@PHI,PHI,MIL,,,,,0,OF/UTIL
58417-79213,2B/OF,Scott,Scott Kingery,Kingery,0.3333333333333333,9,2000,MIL@PHI,PHI,MIL,,,,,0,2B/OF/UTIL
58417-79212,C,Andrew,Andrew Knapp,Knapp,4.006666564941407,15,2000,MIL@PHI,PHI,MIL,,,,,6,C/1B/UTIL
58417-13687,3B,Jordy,Jordy Mercer,Mercer,3.01818188753995,11,2000,ATL@WSH,WSH,ATL,,,,,,3B/UTIL
58417-13691,OF,Ender,Ender Inciarte,Inciarte,2.7999998728434243,12,2000,ATL@WSH,ATL,WSH,IL,Hamstring,,,,OF/UTIL
58417-21890,SS,Orlando,Orlando Arcia,Arcia,1.625,4,2000,ATL@WSH,ATL,WSH,,,,,,SS/UTIL
58417-79240,C,Aramis,Aramis Garcia,Garcia,3.584615267240084,13,2000,TOR@OAK,OAK,TOR,IL,Illness,,,,C/1B/UTIL
58417-79247,2B,Edmundo,Edmundo Sosa,Sosa,2.0222223069932728,9,2000,NYM@STL,STL,NYM,,,,,,2B/UTIL
58417-79255,1B,Jake,Jake Bauers,Bauers,3.4833332697550454,24,2000,CLE@KC,CLE,KC,,,,,,C/1B/UTIL
58417-79263,OF,Leody,Leody Taveras,Taveras,3.0600001017252603,15,2000,TEX@MIN,TEX,MIN,,,,,0,OF/UTIL
58417-79262,1B,Ronald,Ronald Guzman,Guzman,3.1000001089913503,7,2000,TEX@MIN,TEX,MIN,IL,Knee,,,0,C/1B/UTIL
58417-79267,2B,Andy,Andy Ibanez,Ibanez,4.75,2,2000,TEX@MIN,TEX,MIN,,,,,0,2B/UTIL
58417-118181,1B/3B,Taylor,Taylor Jones,Jones,6.299999872843425,3,2000,HOU@NYY,HOU,NYY,,,,,0,C/1B/3B/UTIL
58417-118189,C,Ali,Ali Sanchez,Sanchez,6,1,2000,NYM@STL,STL,NYM,,,,,,C/1B/UTIL
58417-101835,C,Austin,Austin Allen,Allen,0,1,2000,TOR@OAK,OAK,TOR,,,,,,C/1B/UTIL
58417-118222,2B,Mark,Mark Mathias,Mathias,4.087500095367432,16,2000,MIL@PHI,MIL,PHI,IL,Shoulder,,,0,2B/UTIL
58417-101844,OF,Lane,Lane Thomas,Thomas,2.25,4,2000,NYM@STL,STL,NYM,,,,,,OF/UTIL
58417-82414,OF,Victor,Victor Reyes,Reyes,4.009999847412109,20,2000,DET@BOS,DET,BOS,,,,,8,OF/UTIL
58417-96764,OF,Jonathan,Jonathan Davis,Davis,3.4529412213493798,17,2000,TOR@OAK,TOR,OAK,,,,,,OF/UTIL
58417-95776,OF,Pablo,Pablo Reyes,Reyes,1.9249999523162842,8,2000,MIL@PHI,MIL,PHI,,,,,0,OF/UTIL
58417-13892,3B/OF,Hernan,Hernan Perez,Perez,1.2199999809265136,10,2000,ATL@WSH,WSH,ATL,,,,,,3B/OF/UTIL
58417-119368,C,Ryan,Ryan Jeffers,Jeffers,3.6454544067382812,11,2000,TEX@MIN,MIN,TEX,,,,,0,C/1B/UTIL
58417-80459,OF,Franchy,Franchy Cordero,Cordero,3.5347827413807744,23,2000,DET@BOS,BOS,DET,,,,,,OF/UTIL
58417-116339,3B,Abraham,Abraham Toro,Toro,1,6,2000,HOU@NYY,HOU,NYY,IL,Oblique,,,0,3B/UTIL
58417-118398,SS,Vimael,Vimael Machin,Machin,2.242857115609305,7,2000,TOR@OAK,OAK,TOR,,,,,,SS/UTIL
58417-17025,2B/3B,Joe,Joe Panik,Panik,3.7578948171515214,19,2000,TOR@OAK,TOR,OAK,DTD,Calf,,,,2B/3B/UTIL
58417-119439,C,Sam,Sam Huff,Huff,10.5,10,2000,TEX@MIN,TEX,MIN,IL,Knee,,,0,C/1B/UTIL
58417-81570,C,Cam,Cam Gallagher,Gallagher,1.3888888888888888,9,2000,CLE@KC,KC,CLE,IL,Concussion,,,0,C/1B/UTIL
58417-82605,1B/2B,Keston,Keston Hiura,Hiura,5.465384850135217,26,2000,MIL@PHI,MIL,PHI,,,,,0,C/1B/2B/UTIL
58417-82612,OF,Brent,Brent Rooker,Rooker,4.275000095367432,8,2000,TEX@MIN,MIN,TEX,,,,,0,OF/UTIL
58417-82617,2B/SS,Andres,Andres Gimenez,Gimenez,5.516666412353516,24,2000,CLE@KC,CLE,KC,,,,,,2B/SS/UTIL
58417-82616,SS,Luis,Luis Guillorme,Guillorme,2.8142858232770647,14,2000,NYM@STL,NYM,STL,IL,Oblique,,,0,SS/UTIL
58417-82626,OF,Adam,Adam Haseley,Haseley,2.3777777353922525,9,2000,MIL@PHI,PHI,MIL,O,Personal,,,0,OF/UTIL
58417-82646,OF,Justin,Justin Williams,Williams,5.096666463216146,30,2000,NYM@STL,STL,NYM,,,,,,OF/UTIL
58417-82659,3B,Carter,Carter Kieboom,Kieboom,1.5,2,2000,ATL@WSH,WSH,ATL,,,,,,3B/UTIL
58417-82661,OF,Daniel,Daniel Johnson,Johnson,0,2,2000,CLE@KC,CLE,KC,,,,,,OF/UTIL
58417-82660,2B,Luis,Luis Garcia,Garcia,1.5333333015441895,6,2000,ATL@WSH,WSH,ATL,,,,,,2B/UTIL
58417-148210,OF,Cody,Cody Wilson,Wilson,0,1,2000,ATL@WSH,WSH,ATL,,,,,,OF/UTIL
58417-112379,OF,Tim,Tim Lopes,Lopes,6.819565482761549,46,2000,MIL@PHI,MIL,PHI,IL,Oblique,,,0,OF/UTIL
58417-52995,C,Luke,Luke Maile,Maile,4.340000152587891,5,2000,MIL@PHI,MIL,PHI,,,,,8,C/1B/UTIL
58417-53007,3B,Daniel,Daniel Robertson,Robertson,2.033333248562283,18,2000,MIL@PHI,MIL,PHI,IL,Concussion,,,0,3B/UTIL
58417-70435,OF,Ben,Ben Gamel,Gamel,1.6545455239035867,11,2000,CLE@KC,CLE,KC,,,,,,OF/UTIL
58417-5948,OF,Brett,Brett Gardner,Gardner,4.128571283249628,21,2000,HOU@NYY,NYY,HOU,,,,,0,OF/UTIL
58417-54080,OF,Austin,Austin Dean,Dean,4.572222391764323,18,2000,NYM@STL,STL,NYM,,,,,,OF/UTIL
58417-13152,1B/3B,Matt,Matt Carpenter,Carpenter,4.565517030913254,29,2000,NYM@STL,STL,NYM,,,,,,C/1B/3B/UTIL
58417-6005,OF,Matt,Matt Joyce,Joyce,2.355555640326606,18,2000,MIL@PHI,PHI,MIL,IL,Calf,,,0,OF/UTIL
58417-68471,2B,Tony,Tony Kemp,Kemp,4.636842024953742,19,2000,TOR@OAK,OAK,TOR,,,,,,2B/UTIL
58417-68470,OF,JaCoby,JaCoby Jones,Jones,4.491304480511209,23,2000,DET@BOS,DET,BOS,,,,,7,OF/UTIL
58417-149374,SS,Sean,Sean Kazmar Jr.,Kazmar Jr.,0,3,2000,ATL@WSH,ATL,WSH,,,,,,SS/UTIL
58417-68499,3B/OF,Johan,Johan Camargo,Camargo,0.3333333333333333,9,2000,ATL@WSH,ATL,WSH,,,,,,3B/OF/UTIL
58417-68537,2B/SS,Tyler,Tyler Wade,Wade,1.200000029343825,13,2000,HOU@NYY,NYY,HOU,,,,,0,2B/SS/UTIL
58417-13253,C,Martin,Martin Maldonado,Maldonado,2.752380916050502,21,2000,HOU@NYY,HOU,NYY,,,,,9,C/1B/UTIL
58417-80836,SS,Tzu-Wei,Tzu-Wei Lin,Lin,0,1,2000,TEX@MIN,MIN,TEX,,,,,0,SS/UTIL
58417-52171,C,Kevin,Kevin Plawecki,Plawecki,3.959999847412109,10,2000,DET@BOS,BOS,DET,,,,,,C/1B/UTIL
58417-12237,C,Jonathan,Jonathan Lucroy,Lucroy,5,5,2000,ATL@WSH,WSH,ATL,,,,,,C/1B/UTIL
58417-52182,C,Reese,Reese McGuire,McGuire,3,1,2000,TOR@OAK,TOR,OAK,,,,,,C/1B/UTIL
58417-5104,3B,Pablo,Pablo Sandoval,Sandoval,5.145454406738281,22,2000,ATL@WSH,ATL,WSH,,,,,,3B/UTIL